id,name,model_id:id,group_id:id,perm_read,perm_write,perm_create,perm_unlink

access_ums_student,ums.student,model_ums_student,,1,1,1,1

access_ums_faculty,ums.faculty,model_ums_faculty,,1,1,1,1


access_ums_college,ums.college,model_ums_college,,1,1,1,1
access_ums_department,ums.department,model_ums_department,,1,1,1,1
access_ums_level,ums.level,model_ums_level,,1,1,1,1
access_ums_subject,ums.subject,model_ums_subject,,1,1,1,1
access_ums_division,ums.division,model_ums_division,,1,1,1,1
access_ums_academic_year,ums.academic.year,model_ums_academic_year,,1,1,1,1
access_ums_semester,ums.semester,model_ums_semester,,1,1,1,1
access_ums_group,ums.group,model_ums_group,,1,1,1,1
access_ums_portable,ums.portable,model_ums_portable,,1,1,1,1
access_first_portable_line,first_portable_line,model_first_portable_line,,1,1,1,1
access_second_portable_line,second_portable_line,model_second_portable_line,,1,1,1,1
access_ums_specialist,ums.specialist,model_ums_specialist,,1,1,1,1
access_portable_wizard,portable.wizard,model_portable_wizard,,1,1,1,1
access_ums_student_status,ums.student.status,model_ums_student_status,,1,1,1,1

access_ums_class,ums.class,model_ums_class,,1,1,1,1


access_ums_program,ums.program,model_ums_program,,1,1,1,1
access_ums_program_level_line,ums.program.level.line,model_ums_program_level_line,,1,1,1,1
access_program_level_semester_line,program_level_semester_line,model_program_level_semester_line,,1,1,1,1
access_program_semester_subject_line,program.semester.subject.line,model_program_semester_subject_line,,1,1,1,1


acesss_ums_exam,ums.exam,model_ums_exam,,1,1,1,1
acesss_ums_result_history,ums.result.history,model_ums_result_history,,1,1,1,1
acesss_first_result_history_line,first.result.history.line,model_first_result_history_line,,1,1,1,1
acesss_second_result_history_line,second.result.history.line,model_second_result_history_line,,1,1,1,1
acesss_ums_nationality,ums.nationality,model_ums_nationality,,1,1,1,1
access_ums_exam_type,ums.exam.type,model_ums_exam_type,,1,1,1,1
access_ums_exam_subject_line,ums.exam.subject.line,model_ums_exam_subject_line,,1,1,1,1
access_ums_exam_evaluation,ums.exam.evaluation,model_ums_exam_evaluation,,1,1,1,1
access_exam_evaluation_line,exam.evaluation.line,model_exam_evaluation_line,,1,1,1,1


access_ums_result,ums.result,model_ums_result,,1,1,1,1
access_ums_supplement,ums.supplement,model_ums_supplement,,1,1,1,1
access_first_supplement_line,first.supplement.line,model_first_supplement_line,,1,1,1,1
access_second_supplement_line,second.supplement.line,model_second_supplement_line,,1,1,1,1
access_ums_result_note,ums.result.note,model_ums_result_note,,1,1,1,1
access_ums_result_first,ums.result.first,model_ums_result_first,,1,1,1,1
access_ums_result_second,ums.result.second,model_ums_result_second,,1,1,1,1
access_result_subject_line,result.subject.line,model_result_subject_line,,1,1,1,1

access_ums_result_marksheet,ums.result.marksheet,model_ums_result_marksheet,,1,1,1,1
access_ums_result_studentlist,ums_result_studentlist,model_ums_result_studentlist,,1,1,1,1

access_ceritifcat_wizard,ceritifcat.wizard,model_ceritifcat_wizard,,1,1,1,1