<?xml version="1.0" encoding="utf-8" ?>
<odoo>

    <record id="paperformat_sudanhcheck" model="report.paperformat">
        <field name="name">Sudan Bank Check</field>
        <field name="default" eval="True"/>
        <field name="format">custom</field>
        <field name="page_height">80</field>
        <field name="page_width">175</field>
        <field name="orientation">Portrait</field>
        <field name="margin_top">3</field>
        <field name="margin_bottom">3</field>
        <field name="margin_left">3</field>
        <field name="margin_right">0</field>
        <field name="header_line" eval="False"/>
        <field name="header_spacing">3</field>
        <field name="dpi">80</field>
    </record>
       <record id="paperformat_check" model="report.paperformat">
        <field name="name">US Bank Check</field>
        <field name="default" eval="True" />
        <field name="format">custom</field>
        <field name="page_height">0</field>
        <field name="page_width">0</field>
        <field name="orientation">Landscape</field>
        <field name="margin_top">0</field>
        <field name="margin_bottom">0</field>
        <field name="margin_left">-0</field>
        <field name="margin_right">0</field>
        <field name="header_line" eval="False" />
        <field name="header_spacing">0</field>
        <field name="dpi">50</field>
    </record>

    <record id="paperformat_euro_no_margin" model="report.paperformat">
        <field name="name">Promissory Note Letter</field>
        <field name="default" eval="False" />
        <field name="format">custom</field>
        <field name="page_height">297</field>
        <field name="page_width">210</field>
        <field name="orientation">Portrait</field>
        <field name="margin_top">40</field>
        <field name="margin_bottom">0</field>
        <field name="margin_left">0</field>
        <field name="margin_right">0</field>
        <field name="header_line" eval="False" />
        <field name="header_spacing">40</field>
        <field name="dpi">90</field>
    </record>
</odoo>
