<?xml version="1.0" encoding="UTF-8"?>
<odoo>

    <!-- Start code globle Rules  -->
    <!-- <record id="stock_location_rule" model="ir.rule">
        <field name="name">Filtter Stock Location</field>
        <field name="model_id" ref="model_stock_location"/>
        <field name="global" eval="True"/>
        <field name="domain_force">
            ['|',('executing_agency_id','=',False),('executing_agency_id','=',[user.executing_agency_id.id])]
        </field>
        <field name="active" eval="True"/>
    </record>

    <record id="stock_warehouse_rule" model="ir.rule">
        <field name="name">Filtter Product Template</field>
        <field name="model_id" ref="model_stock_warehouse"/>
        <field name="global" eval="True"/>
        <field name="domain_force">
            [('executing_agency_id','=',[user.executing_agency_id.id])]
        </field>
        <field name="active" eval="True"/>
    </record>  -->
 
    
</odoo>
