id,name,model_id:id,group_id:id,perm_read,perm_write,perm_create,perm_unlink
access_account_move_administrator,account.move,model_account_move,account_bank.group_account_administrator,1,1,1,1
access_account_move_monitoring,account.move,model_account_move,account_bank.group_account_monitoring,1,1,1,0
access_account_move_review,account.move,model_account_move,account_bank.group_account_review,1,1,0,0
access_account_move_payment,account.move,model_account_move,account_bank.group_accounting_payment,1,1,0,0

access_account_payment_method_history,account.payment.method.history,model_account_payment_method_history,,1,1,1,1
access_account_paymnet_wizard_history_check,account.paymnet.wizard.history.check,model_account_paymnet_wizard_history_check,,1,1,1,1
access_account.paymnet.wizard.history.cash,account.paymnet.wizard.history.cash,model_account_paymnet_wizard_history_cash,,1,1,1,1
access_reprint_checks,reprint.checks,model_reprint_checks,,1,1,1,1
