<?xml version="1.0" encoding="utf-8"?>
<odoo>
    <data>
  
        <record model="ir.module.category" id="module_category_account_bank">
            <field name="name">Account Bank</field>
            <field name="description">Category For Account Bank</field>
        </record>

        <record id="group_account_administrator" model="res.groups">
            <field name="name">Administrator</field>
            <field name="category_id" ref="account_bank.module_category_account_bank"/>
        </record>
        <record id="group_account_monitoring" model="res.groups">
            <field name="name">Monitoring</field>
            <field name="category_id" ref="account_bank.module_category_account_bank"/>
        </record>

        <record id="group_account_review" model="res.groups">
            <field name="name">Review</field>
            <field name="category_id" ref="account_bank.module_category_account_bank"/>
        </record>

        <record id="group_accounting_payment" model="res.groups">
            <field name="name">Payment</field>
            <field name="category_id" ref="account_bank.module_category_account_bank"/>
        </record>


    </data>
</odoo>
